diagnostics_Versions_PyRadiomics,diagnostics_Versions_Numpy,diagnostics_Versions_SimpleITK,diagnostics_Versions_PyWavelet,diagnostics_Versions_Python,diagnostics_Configuration_Settings,diagnostics_Configuration_EnabledImageTypes,diagnostics_Image-original_Hash,diagnostics_Image-original_Dimensionality,diagnostics_Image-original_Spacing,diagnostics_Image-original_Size,diagnostics_Image-original_Mean,diagnostics_Image-original_Minimum,diagnostics_Image-original_Maximum,diagnostics_Mask-original_Hash,diagnostics_Mask-original_Spacing,diagnostics_Mask-original_Size,diagnostics_Mask-original_BoundingBox,diagnostics_Mask-original_VoxelNum,diagnostics_Mask-original_VolumeNum,diagnostics_Mask-original_CenterOfMassIndex,diagnostics_Mask-original_CenterOfMass,original_shape_Elongation,original_shape_Flatness,original_shape_LeastAxisLength,original_shape_MajorAxisLength,original_shape_Maximum2DDiameterColumn,original_shape_Maximum2DDiameterRow,original_shape_Maximum2DDiameterSlice,original_shape_Maximum3DDiameter,original_shape_MeshVolume,original_shape_MinorAxisLength,original_shape_Sphericity,original_shape_SurfaceArea,original_shape_SurfaceVolumeRatio,original_shape_VoxelVolume,original_firstorder_10Percentile,original_firstorder_90Percentile,original_firstorder_Energy,original_firstorder_Entropy,original_firstorder_InterquartileRange,original_firstorder_Kurtosis,original_firstorder_Maximum,original_firstorder_MeanAbsoluteDeviation,original_firstorder_Mean,original_firstorder_Median,original_firstorder_Minimum,original_firstorder_Range,original_firstorder_RobustMeanAbsoluteDeviation,original_firstorder_RootMeanSquared,original_firstorder_Skewness,original_firstorder_TotalEnergy,original_firstorder_Uniformity,original_firstorder_Variance,original_glcm_Autocorrelation,original_glcm_ClusterProminence,original_glcm_ClusterShade,original_glcm_ClusterTendency,original_glcm_Contrast,original_glcm_Correlation,original_glcm_DifferenceAverage,original_glcm_DifferenceEntropy,original_glcm_DifferenceVariance,original_glcm_Id,original_glcm_Idm,original_glcm_Idmn,original_glcm_Idn,original_glcm_Imc1,original_glcm_Imc2,original_glcm_InverseVariance,original_glcm_JointAverage,original_glcm_JointEnergy,original_glcm_JointEntropy,original_glcm_MCC,original_glcm_MaximumProbability,original_glcm_SumAverage,original_glcm_SumEntropy,original_glcm_SumSquares,original_gldm_DependenceEntropy,original_gldm_DependenceNonUniformity,original_gldm_DependenceNonUniformityNormalized,original_gldm_DependenceVariance,original_gldm_GrayLevelNonUniformity,original_gldm_GrayLevelVariance,original_gldm_HighGrayLevelEmphasis,original_gldm_LargeDependenceEmphasis,original_gldm_LargeDependenceHighGrayLevelEmphasis,original_gldm_LargeDependenceLowGrayLevelEmphasis,original_gldm_LowGrayLevelEmphasis,original_gldm_SmallDependenceEmphasis,original_gldm_SmallDependenceHighGrayLevelEmphasis,original_gldm_SmallDependenceLowGrayLevelEmphasis,original_glrlm_GrayLevelNonUniformity,original_glrlm_GrayLevelNonUniformityNormalized,original_glrlm_GrayLevelVariance,original_glrlm_HighGrayLevelRunEmphasis,original_glrlm_LongRunEmphasis,original_glrlm_LongRunHighGrayLevelEmphasis,original_glrlm_LongRunLowGrayLevelEmphasis,original_glrlm_LowGrayLevelRunEmphasis,original_glrlm_RunEntropy,original_glrlm_RunLengthNonUniformity,original_glrlm_RunLengthNonUniformityNormalized,original_glrlm_RunPercentage,original_glrlm_RunVariance,original_glrlm_ShortRunEmphasis,original_glrlm_ShortRunHighGrayLevelEmphasis,original_glrlm_ShortRunLowGrayLevelEmphasis,original_glszm_GrayLevelNonUniformity,original_glszm_GrayLevelNonUniformityNormalized,original_glszm_GrayLevelVariance,original_glszm_HighGrayLevelZoneEmphasis,original_glszm_LargeAreaEmphasis,original_glszm_LargeAreaHighGrayLevelEmphasis,original_glszm_LargeAreaLowGrayLevelEmphasis,original_glszm_LowGrayLevelZoneEmphasis,original_glszm_SizeZoneNonUniformity,original_glszm_SizeZoneNonUniformityNormalized,original_glszm_SmallAreaEmphasis,original_glszm_SmallAreaHighGrayLevelEmphasis,original_glszm_SmallAreaLowGrayLevelEmphasis,original_glszm_ZoneEntropy,original_glszm_ZonePercentage,original_glszm_ZoneVariance,original_ngtdm_Busyness,original_ngtdm_Coarseness,original_ngtdm_Complexity,original_ngtdm_Contrast,original_ngtdm_Strength,Nodule_ID,Image_ID
3.1.0a2.post24+gdea5faf,1.23.5,2.5.0,1.8.0,3.11.9,"{'minimumROIDimensions': 2, 'minimumROISize': None, 'normalize': False, 'normalizeScale': 1, 'removeOutliers': None, 'resampledPixelSpacing': None, 'interpolator': 'sitkBSpline', 'preCrop': False, 'padDistance': 5, 'distances': [1], 'force2D': False, 'force2Ddimension': 0, 'resegmentRange': None, 'label': 1, 'additionalInfo': True}",{'Original': {}},1b441553ceb7fb4695eadcac2bf1993fd39bb513,3D,"(0.703125, 0.703125, 2.5)","(53, 64, 11)",-539.6279481132076,-987.0,882.0,19bbb604c5b0c202d6a3e5f05084e5212564b301,"(0.703125, 0.703125, 2.5)","(53, 64, 11)","(6, 7, 1, 41, 50, 9)",6547,1,"(24.1580876737437, 33.08232778371773, 4.638460363525279)","(56.29865539560104, 86.40476477468434, -115.9038490911868)",0.969487351879021,0.8601740473116483,21.00348030434,24.41770984602871,30.103986446980738,33.84246592670221,34.738929357287695,36.39015202032687,8015.779495239258,23.672660857576673,0.6552448557268963,2956.0448042649614,0.3687782087843883,8091.8426513671875,-608.0,123.0,698976979.0,4.991670444104343,486.0,2.059695939846468,253.0,249.05524479046824,-161.66228807087217,-56.0,-900.0,1153.0,201.4136085805898,326.7459894974464,-0.6477566913520325,863908924.8504639,0.04321629302183138,80628.24626835568,1118.9166783499145,322343.98099121137,-5663.0213605016315,342.38377598088,80.44228438638376,0.6010638609122075,6.16475184255771,3.9348632244955235,36.59366968782153,0.3268392507195263,0.25667590870537516,0.967916478997873,0.8959514196145393,-0.15987001995102826,0.826464404732826,0.23852428937384473,32.442812807657226,0.0071705256823875515,8.743704083201026,0.6459193253730136,0.0325982987606312,64.88562561531442,5.673076811654547,105.70651509181594,7.438758625488928,1085.7145257369787,0.16583389731739404,10.777850907056447,282.93707041393003,129.03821050822398,1032.083396975714,24.57782190316175,37766.61432717275,0.026532172588165096,0.003498594598170895,0.35934160341162985,246.11354586629784,0.001991981390931782,217.63895300476645,0.037001244238348115,129.66537557301675,980.8475020212962,1.4598595365367717,1659.155493270072,0.004360352789650487,0.0037499318967161256,5.529425992481511,4936.725572551357,0.8367192599404751,0.895583414599758,0.19502446128091325,0.9292447762112451,879.9982374369237,0.00363902099045043,73.15961034095167,0.02741086936716061,101.25218889822101,669.0805545147996,362.2641438741102,588435.9460472087,0.2381521185399407,0.005498862694188469,1309.6406893967778,0.49068590835398196,0.7282313452434194,457.133374056517,0.00436239838992738,6.712856896750181,0.4076676340308538,356.2470396477268,0.5064778447360404,0.001144660545619123,3691.0773731706518,0.4945863833806222,1.2116262233921322,LIDC-IDRI-0001_R_1,LIDC-IDRI-0001_R_1
3.1.0a2.post24+gdea5faf,1.23.5,2.5.0,1.8.0,3.11.9,"{'minimumROIDimensions': 2, 'minimumROISize': None, 'normalize': False, 'normalizeScale': 1, 'removeOutliers': None, 'resampledPixelSpacing': None, 'interpolator': 'sitkBSpline', 'preCrop': False, 'padDistance': 5, 'distances': [1], 'force2D': False, 'force2Ddimension': 0, 'resegmentRange': None, 'label': 1, 'additionalInfo': True}",{'Original': {}},a536d387022601f3b7996f3a432f62064c0402ff,3D,"(0.8203120231628418, 0.8203120231628418, 2.5)","(55, 48, 12)",-722.9700441919192,-939.0,589.0,4b2b9c2768d439484902c72c7b6d4fb2f7321a14,"(0.8203120231628418, 0.8203120231628418, 2.5)","(55, 48, 12)","(6, 5, 1, 43, 38, 10)",5914,1,"(26.26225904633074, 20.38163679404802, 5.938958403787622)","(70.82902108207924, 76.60195781130786, -191.65260399053093)",0.8881357363662206,0.5816186047226054,18.039371035063738,31.01580810618559,35.666422762702,35.035214787524986,33.991022152154365,39.76040956915292,9857.7375249274,27.546247571380533,0.6545184441560428,3396.8815407103984,0.34459038213592685,9949.001189883435,-723.0,23.0,1349434801.0,5.0783056724189874,578.0,1.5510416660490687,276.0,261.1835433686012,-380.16925938451135,-455.0,-882.0,1158.0,224.3683066149585,477.6780584534943,0.23350345899018757,2270126554.0783086,0.03414571774970039,83647.66174693203,639.6667951387584,332745.0940939315,245.01288018130666,460.99647780186103,63.2741805692638,0.7579162735052137,5.547567532916621,3.875911802347759,29.163529713720816,0.32477988834150706,0.24948444215191862,0.9752011509901266,0.9055293534832416,-0.17626457738254778,0.8815918143766479,0.23745741848635912,23.230675466451235,0.0036142688633338856,9.195498452370606,0.7707558885631267,0.021149722188630385,46.46135093290247,6.038776127085601,131.06766459278114,7.601950981633934,986.6246195468381,0.16682864720102097,8.029764123328293,201.9377747717281,133.90127897336745,588.1158268515387,20.34257693608387,19454.1608048698,0.10426120858853091,0.007611675390152179,0.32269170880062026,157.12079468750673,0.0026407010975922278,172.67234821075843,0.032287137909091296,127.5896742781862,563.0868014808786,1.3970077710636806,899.5290682851319,0.010136997660593379,0.007766818765694304,5.554110202655248,4511.123965459683,0.8405896334986453,0.9035014697848651,0.1597646623896417,0.9319832970726464,510.1128785261927,0.007327379250588424,65.50729927007299,0.029884716820288773,88.49516635642549,479.4411496350365,147.63686131386862,180967.50501824816,0.33399732209150385,0.008280490251955593,923.8166058394161,0.42144918149608396,0.673771936462867,323.29556467257066,0.005547576544893032,6.889497897513118,0.37064592492390935,140.35769670067666,0.7092348386995423,0.0015199998009681175,3044.8021471440575,0.443948239517574,1.437844723934986,LIDC-IDRI-0003_R_2,LIDC-IDRI-0003_R_2
3.1.0a2.post24+gdea5faf,1.23.5,2.5.0,1.8.0,3.11.9,"{'minimumROIDimensions': 2, 'minimumROISize': None, 'normalize': False, 'normalizeScale': 1, 'removeOutliers': None, 'resampledPixelSpacing': None, 'interpolator': 'sitkBSpline', 'preCrop': False, 'padDistance': 5, 'distances': [1], 'force2D': False, 'force2Ddimension': 0, 'resegmentRange': None, 'label': 1, 'additionalInfo': True}",{'Original': {}},8d145b4f4165313ed65fba98e694e7dfd5923cc7,3D,"(0.8203120231628418, 0.8203120231628418, 2.5)","(44, 43, 4)",-599.8054968287527,-976.0,230.0,e05dffdc332d6e429c03f475ad064afc0a6ebde5,"(0.8203120231628418, 0.8203120231628418, 2.5)","(44, 43, 4)","(14, 16, 0, 16, 11, 4)",330,1,"(21.560606060606062, 20.990909090909092, 1.7181818181818183)","(23.495659951007728, -47.58567631894891, -172.20454545454547)",0.6739409358615217,0.649284779664449,7.94982979498831,12.243979905237868,13.4693106600452,11.145619110324851,13.227133929534162,14.151461425820363,536.3667928149906,8.251719276005677,0.7971698071145356,400.47419579279176,0.7466424117924981,555.1522476600496,-731.0,-35.89999999999998,83132263.0,4.988689370361301,455.0,1.791552974534959,34.0,221.61353535353538,-433.330303030303,-507.0,-850.0,884.0,179.5954432182271,501.9122916255872,0.35845533305520716,139851705.0227769,0.034876033057851245,64140.796960514235,417.07898544813355,137405.6998844046,236.09738904413933,246.70369644228714,181.40037825687884,0.1721781107028698,10.728350895551396,4.332489999829005,48.47518409071475,0.18874572288793473,0.11399530617306698,0.8928860329827996,0.7933385290878356,-0.36508582129040834,0.9864288165638961,0.1148460414497578,20.001172573517277,0.00425171365945497,8.108405387962119,0.6704474764566318,0.015596636040092269,40.002345147034546,5.616881024513118,107.02601867479146,6.241894108059122,116.48484848484848,0.35298438934802573,1.163048668503214,11.50909090909091,102.53439853076219,397.95757575757574,4.557575757575758,2878.630303030303,0.07195939983754768,0.023992564640254902,0.5715534254105682,180.5753136466708,0.01407610291825793,11.074321655830449,0.034675588082063606,100.61285791252271,390.7459190355647,1.1125985158603109,459.9370288376082,0.02610725947750446,0.024211443019412606,5.1202753862554,301.23808228765427,0.9419386649207453,0.9675990675990676,0.04137665545426664,0.9766642304343455,376.8186699514597,0.023775705430125096,7.583333333333333,0.03510802469135803,79.48591820987654,321.89351851851853,4.351851851851852,2916.824074074074,0.06341408387840007,0.025923531486900252,118.79629629629629,0.549982853223594,0.7698921181984454,228.03415566415177,0.018957388058301543,5.873318909153425,0.6545454545454545,2.017746913580247,0.2083065765992016,0.010943050003676002,3930.638482540045,1.2370601310298328,6.090407390639337,LIDC-IDRI-0003_R_3,LIDC-IDRI-0003_R_3
3.1.0a2.post24+gdea5faf,1.23.5,2.5.0,1.8.0,3.11.9,"{'minimumROIDimensions': 2, 'minimumROISize': None, 'normalize': False, 'normalizeScale': 1, 'removeOutliers': None, 'resampledPixelSpacing': None, 'interpolator': 'sitkBSpline', 'preCrop': False, 'padDistance': 5, 'distances': [1], 'force2D': False, 'force2Ddimension': 0, 'resegmentRange': None, 'label': 1, 'additionalInfo': True}",{'Original': {}},fa3fd5989b47db8b19384b2660ea12dbfb078f9d,3D,"(0.8203120231628418, 0.8203120231628418, 2.5)","(43, 44, 10)",-648.15544397463,-974.0,324.0,84823ad23a360e776c825634d32068b09483c81d,"(0.8203120231628418, 0.8203120231628418, 2.5)","(43, 44, 10)","(13, 13, 1, 17, 18, 8)",867,1,"(21.343713956170703, 22.327566320645907, 3.6828143021914648)","(-47.22908942729681, -30.082961766640068, -169.79296424452133)",0.8353617495438357,0.8040375709564509,11.747162867007402,14.610216352245141,20.267377458505287,20.267377458505287,14.788385306966148,20.333672474664045,1433.5124516282367,12.204815893225458,0.7904591117987828,777.8079197314113,0.5425888828854945,1458.5363597614032,-760.4,-3.0,163783420.0,4.846496069810633,588.0,1.6803285337411686,47.0,263.8463699748167,-319.83621683967704,-232.0,-950.0,997.0,224.14147093835723,434.63572359628574,-0.42185228004050046,275529496.1892422,0.05232616148433726,86613.00662375,871.6986454822693,254736.4107697029,-3953.244762674393,328.2665001784604,142.65179276181306,0.3856594649394592,8.518033796808156,4.315533465052207,61.5640063705988,0.2999131443987887,0.23827191236232242,0.9297859360741934,0.8467988118543576,-0.24200950767447382,0.9350500252740626,0.1855585331095177,28.71738111437164,0.013487303736032547,7.990022360280987,0.5947989436593623,0.07990859522563293,57.434762228743274,5.575348516740387,117.72957323506833,6.7931054944221625,195.89042675893887,0.22594051529289375,17.262253405331194,45.36678200692042,139.17108538238554,800.6159169550173,31.618223760092274,44129.617070357555,0.0407790444714819,0.0075860520347539335,0.47029680691560355,243.62184267011352,0.005335729018061961,30.543496784145102,0.039226562767995674,135.46092795219528,735.3528189551532,1.4984741673463282,1407.9463357836137,0.009130750176762008,0.008293317295540127,5.3478815986626795,651.1553271746554,0.8377546906078668,0.892733564013841,0.22802703755488624,0.9303813490735026,645.3612986266216,0.00814128461230272,13.68421052631579,0.030009233610341645,101.2602291089566,518.0109649122807,59.0328947368421,83785.98684210527,0.062403781704678446,0.011032979446196904,272.78508771929825,0.5982129116651277,0.8015620900719309,395.4037762750295,0.009472691955434244,6.071001595968344,0.5259515570934256,55.417893005540165,0.185347285375812,0.004468029714105495,4320.436125478591,1.1576488256144395,4.261567293172248,LIDC-IDRI-0003_R_4,LIDC-IDRI-0003_R_4
3.1.0a2.post24+gdea5faf,1.23.5,2.5.0,1.8.0,3.11.9,"{'minimumROIDimensions': 2, 'minimumROISize': None, 'normalize': False, 'normalizeScale': 1, 'removeOutliers': None, 'resampledPixelSpacing': None, 'interpolator': 'sitkBSpline', 'preCrop': False, 'padDistance': 5, 'distances': [1], 'force2D': False, 'force2Ddimension': 0, 'resegmentRange': None, 'label': 1, 'additionalInfo': True}",{'Original': {}},8adec8f641ebf629aa0f4ddefa0f5bee23eed017,3D,"(0.8222659826278687, 0.8222659826278687, 1.25)","(43, 44, 5)",-593.7530655391121,-914.0,918.0,85b4252d26a6fa53d50e90275948ef30f3e99956,"(0.8222659826278687, 0.8222659826278687, 1.25)","(43, 44, 5)","(17, 18, 0, 9, 8, 5)",160,1,"(21.49375, 21.5625, 1.8375)","(-118.45450281128288, 94.73217018693686, -230.203125)",0.8515771469091079,0.7797266273284936,5.314191771002931,6.815455038659463,7.811262960696236,7.962591818166437,7.800700042741529,8.194282798398925,128.7095583496559,5.8038857567089295,0.7996607011712467,154.1649232823195,1.1977736949691868,135.22426923739488,-655.3,227.49999999999997,40344167.0,5.136410282007122,439.0,4.1803391369471825,918.0,292.81140625,-335.48125,-479.5,-788.0,1706.0,197.7010498046875,502.1464365600935,1.3215492987749746,34096940.628540136,0.037968749999999996,139603.37464843754,640.2967709149236,1727686.8855165818,16864.11311344627,782.6963440155325,310.1259990809172,0.44159813166653095,13.20277847094324,4.7266958513532735,127.42016844779147,0.1827190746103397,0.11296092493626805,0.9455381622279931,0.8547933825973314,-0.5891188699451045,0.9989119580643345,0.11343142480299245,22.832741569149945,0.006290005485881754,7.423880623142419,0.9153913846860338,0.018106145034630965,45.66548313829989,5.698248062441447,273.2055857741124,6.085754932517575,62.2875,0.389296875,1.08109375,6.075,224.39609374999998,587.775,4.1,1442.1,0.22600186788435517,0.03870495266219509,0.6327690972222222,435.6546875,0.018493449588994217,5.766743208587408,0.03708550638120514,225.9044260454906,595.3150358187013,1.0905384364489388,624.8462569387066,0.04352925453324614,0.03802418424461064,5.26178879886241,147.0258172706738,0.9451601899211772,0.9716346153846154,0.030318617930818893,0.9784791139879059,587.995237518515,0.03666795612733083,3.3893805309734515,0.029994517973216384,238.4908763411387,670.2477876106195,3.079646017699115,1294.0353982300885,0.1293016917631706,0.03287859768875287,70.61061946902655,0.6248727386639518,0.8167267562547798,579.5652108598274,0.023466048113874004,5.902933471337779,0.70625,1.0747905082621974,0.05911499185445023,0.025283884100425924,9932.526323551316,1.3773533951321983,52.136354321176725,LIDC-IDRI-0004_R_1,LIDC-IDRI-0004_R_1
3.1.0a2.post24+gdea5faf,1.23.5,2.5.0,1.8.0,3.11.9,"{'minimumROIDimensions': 2, 'minimumROISize': None, 'normalize': False, 'normalizeScale': 1, 'removeOutliers': None, 'resampledPixelSpacing': None, 'interpolator': 'sitkBSpline', 'preCrop': False, 'padDistance': 5, 'distances': [1], 'force2D': False, 'force2Ddimension': 0, 'resegmentRange': None, 'label': 1, 'additionalInfo': True}",{'Original': {}},db480fda46af3a78ab97bda709b1ee3e56616c19,3D,"(0.6640620231628418, 0.6640620231628418, 2.5)","(44, 44, 2)",-541.7680785123966,-924.0,1080.0,4124a9e88e739fb0a048d372afc4a7be777d223a,"(0.6640620231628418, 0.6640620231628418, 2.5)","(44, 44, 2)","(18, 18, 0, 8, 8, 2)",92,1,"(21.695652173913043, 21.543478260869566, 0.4782608695652174)","(-79.16623528107353, 93.99352265440899, -146.34936125382134)",0.8653770888869429,0.8119038553626184,4.626734183696834,5.698623246012803,6.827000817324486,6.827000817324486,5.71247752073716,7.325543944954752,93.6619685070761,4.931457995298019,0.866085112080434,115.15931478149554,1.2295205473158013,101.42502523963913,-728.8,-342.5999999999999,30518156.0,4.196731728702048,211.0,2.423999810741963,-226.0,118.6663516068053,-557.7826086956521,-568.0,-823.0,597.0,84.91666666666667,575.9505941975594,0.40536550484906364,33644616.76703526,0.06143667296786388,20597.64839319471,172.0964163265708,17211.21916817117,80.28267943778357,88.10785029584137,34.605150962215596,0.43261887647410097,4.840862810344801,3.380106490402087,10.395576968196789,0.27273931636274495,0.1746625567858032,0.9471566774002166,0.8429380582712772,-0.5154994869543204,0.9912795304233204,0.15792670329629044,12.588443830557575,0.015791318556522844,6.120194770793686,0.8609145311079351,0.028205098068800474,25.176887661115153,4.5236758786294535,30.678250314514248,5.217703635541591,27.23913043478261,0.29607750472589794,0.9305293005671077,5.6521739130434785,33.142131379962194,158.72826086956522,5.195652173913044,1096.5326086956522,0.09561207990793753,0.0346392856030259,0.45499396135265696,54.0752234299517,0.02422831157124488,5.414776695437089,0.061397997381482806,32.713846136370705,156.39872723728502,1.1306924061934605,184.13190647807235,0.03755963784584035,0.03544265527375964,4.335884152274092,81.16964706704503,0.9184633405660918,0.9590301003344481,0.040768329716954065,0.9673268984516349,149.46543242708813,0.034913409630739474,3.1923076923076925,0.0613905325443787,29.923076923076923,129.92307692307693,4.384615384615385,828.9038461538462,0.09714347782003936,0.047923752883293105,21.423076923076923,0.4119822485207101,0.660758547008547,69.32245726495727,0.040070312474722744,4.9406363526732555,0.5652173913043478,1.2544378698224852,0.07296494318494351,0.0720091082347628,541.4209588213953,0.39768037167992015,13.04819230171471,LIDC-IDRI-0005_R_1,LIDC-IDRI-0005_R_1
3.1.0a2.post24+gdea5faf,1.23.5,2.5.0,1.8.0,3.11.9,"{'minimumROIDimensions': 2, 'minimumROISize': None, 'normalize': False, 'normalizeScale': 1, 'removeOutliers': None, 'resampledPixelSpacing': None, 'interpolator': 'sitkBSpline', 'preCrop': False, 'padDistance': 5, 'distances': [1], 'force2D': False, 'force2Ddimension': 0, 'resegmentRange': None, 'label': 1, 'additionalInfo': True}",{'Original': {}},7bd538f10cbe5afc08d4a70da3a0fe464bd6a3bb,3D,"(0.6640620231628418, 0.6640620231628418, 2.5)","(44, 44, 3)",-672.2661845730028,-941.0,296.0,5a3da0cd35e00f52f7ced0688d4290cf2fee40fa,"(0.6640620231628418, 0.6640620231628418, 2.5)","(44, 44, 3)","(16, 16, 0, 12, 12, 3)",197,1,"(21.746192893401016, 21.126903553299492, 1.116751269035533)","(44.38286606067328, 100.35751621130154, -139.75313525514554)",0.9355931561726915,0.6926225112128358,5.417755792541965,7.822090250943553,9.590059854827667,9.190898526197321,8.399794003256286,9.794797259496564,207.6732514077946,7.31829410574792,0.7971169959865564,212.75630062236542,1.024476186413577,217.18184752400987,-754.6,-251.6,66231276.0,4.600239829194237,247.0,2.702768980182748,-83.0,150.97188796413204,-549.6548223350254,-592.0,-838.0,755.0,107.84891882023614,579.8270177892504,0.7599630627515233,73016400.43427724,0.04831353552011132,34078.94684222731,207.31805993049704,43022.098519970015,464.0799399960975,120.10769468232562,137.8378488708215,-0.01458284373933803,9.458263809078023,4.012293222435608,31.850785880348333,0.1958096462329007,0.11704717192956177,0.8902608247885533,0.7885263060524798,-0.42926733143536183,0.9904268284752074,0.12102457678971823,14.538470649773215,0.006813483112898764,7.346814820671953,0.7806469766227035,0.015967635871775084,29.076941299546434,5.044366584246853,64.48638588828678,5.736280008062775,73.89340101522842,0.3750934061686722,0.795537117678889,9.51776649746193,54.757556236955345,210.81725888324874,3.934010152284264,693.5786802030457,0.11158274466451522,0.0342795306663642,0.5616553863508178,126.93950789622109,0.018210272855508185,9.2105797000067,0.0481895225503655,55.18576222063002,211.86121307816387,1.099234133076135,229.23340036183586,0.03740370249307267,0.034375465838113135,4.7167358139537106,180.83034433399186,0.9442394562940277,0.9703240921515034,0.03375090526527284,0.9775538762775609,207.7849707098024,0.033651801555023855,6.075757575757576,0.04602846648301194,58.994662534435264,225.0530303030303,2.962121212121212,550.8409090909091,0.09107581339089874,0.03427123265644012,66.28787878787878,0.5021808999081726,0.7333627946127946,169.7677293771044,0.023096233479005898,5.53781944995355,0.6700507614213198,0.7347910927456383,0.2537118604414663,0.017860592223142974,2290.950830025009,0.7996767231000761,6.762569565885776,LIDC-IDRI-0005_R_2,LIDC-IDRI-0005_R_2
3.1.0a2.post24+gdea5faf,1.23.5,2.5.0,1.8.0,3.11.9,"{'minimumROIDimensions': 2, 'minimumROISize': None, 'normalize': False, 'normalizeScale': 1, 'removeOutliers': None, 'resampledPixelSpacing': None, 'interpolator': 'sitkBSpline', 'preCrop': False, 'padDistance': 5, 'distances': [1], 'force2D': False, 'force2Ddimension': 0, 'resegmentRange': None, 'label': 1, 'additionalInfo': True}",{'Original': {}},ccad7e6f77ddf175bea9faebca2852ec2594cbf4,3D,"(0.625, 0.625, 2.5)","(43, 43, 3)",-813.2567153416261,-988.0,18.0,4025fd6033d35608dfecb5ba5c4380e63c62bb7f,"(0.625, 0.625, 2.5)","(43, 43, 3)","(14, 15, 0, 15, 13, 3)",257,1,"(20.93385214007782, 20.396887159533073, 0.7665369649805448)","(74.43366369106427, 57.04805752646598, -122.08365758754864)",0.7287933469088127,0.648587117755781,5.950382180692966,9.174376144383311,10.606601717798213,9.013878188659973,9.702609185162515,11.25,241.29231770833334,6.686224296065482,0.7736869151928003,242.25971528602855,1.004009234885234,250.9765625,-727.8,-100.6,62915606.0,4.914761150722746,406.0,1.758979636816468,5.0,202.62405184030038,-437.31517509727627,-477.0,-860.0,865.0,164.4776204640095,494.7805629240813,0.1506273238353502,61441021.484375,0.03713909370315977,53563.24307710942,422.22043235549273,115695.18859295428,-510.0755903475941,231.99941751311945,113.14702627480318,0.34976106641589233,8.228017626979643,4.129337448805572,38.34176552212761,0.2244056835241084,0.1422304291684372,0.9289380072735174,0.8316135976382131,-0.4208764827289953,0.9912492004370796,0.1355841179257447,19.80670328713857,0.0059012027457709055,7.641448930299965,0.7692066892683574,0.021621502816437856,39.61340657427718,5.485053901559823,86.28661094698064,6.176551279672287,82.56420233463035,0.3212614876833866,1.7548486729549275,9.544747081712062,85.76968614210662,410.7509727626459,5.770428015564202,3421.684824902724,0.04997277235456776,0.015846891535731072,0.5559462157106682,201.14198584751668,0.010652455885356037,9.013240020256072,0.036454800516302927,84.43691387289506,404.74944543724735,1.134419334602644,483.18983815209117,0.017263077565063765,0.01613300982769789,5.071108672647662,230.25917672981723,0.9302983334680737,0.9613888057467825,0.048900750083663604,0.9719002219740399,390.09038252790447,0.01586414127293694,5.682926829268292,0.03465199286139203,72.37790005948841,361.7926829268293,4.823170731707317,2968.6646341463415,0.044877137805854804,0.018594102285414336,91.03658536585365,0.5551011302795955,0.7724727746191734,272.5244998810141,0.015313054792818085,5.759872359609592,0.6381322957198443,2.3674524092801903,0.10651519022806229,0.018449879175291943,2556.324080606868,0.760987663991644,9.739452298758549,LIDC-IDRI-0006_R_4,LIDC-IDRI-0006_R_4
3.1.0a2.post24+gdea5faf,1.23.5,2.5.0,1.8.0,3.11.9,"{'minimumROIDimensions': 2, 'minimumROISize': None, 'normalize': False, 'normalizeScale': 1, 'removeOutliers': None, 'resampledPixelSpacing': None, 'interpolator': 'sitkBSpline', 'preCrop': False, 'padDistance': 5, 'distances': [1], 'force2D': False, 'force2Ddimension': 0, 'resegmentRange': None, 'label': 1, 'additionalInfo': True}",{'Original': {}},6ae45157ef59fbb17bd15f2844ea64b9173e9c6b,3D,"(0.78125, 0.78125, 2.5)","(54, 64, 15)",-697.6389274691358,-1024.0,894.0,2dfdd8b7684d8f64d3bfc176208792afb085c16b,"(0.78125, 0.78125, 2.5)","(54, 64, 15)","(6, 7, 1, 42, 50, 13)",7748,1,"(26.04207537429014, 31.51961796592669, 7.453923593185338)","(-48.404628613835825, 44.887198484122415, -90.86519101703665)",0.5939435439751896,0.4806879499449245,19.8501414035725,41.29527566864711,39.61761810183066,49.03587055985139,36.013845536300344,49.844484712453394,11746.788024902344,24.52706238006868,0.5351956881420714,4669.290988682503,0.3974951262237765,11822.509765625,-804.0,224.0,1452985223.0,5.6459073330646845,601.0,2.276506979930052,789.0,338.81710353283836,-175.3253742901394,-15.5,-1024.0,1813.0,257.2148644129757,433.0477562457382,-0.5929540380279668,2217079502.8686523,0.02624505293087443,156791.37231949074,1496.418193170843,1251227.7893816116,-13541.219809946277,650.0827939550317,198.64442794443784,0.5219614514233354,9.929623474642323,4.757836586056169,97.38870053476604,0.2251157347058546,0.14787092765969378,0.9675831871606388,0.8915392373534172,-0.10507126169668927,0.8162741970984655,0.15024697205966261,37.181505104285016,0.0018585723438693767,10.3922615449176,0.5531186521259692,0.010292907966927993,74.36301020857002,6.379873282686637,212.18180547486702,7.462567300338504,2277.1133195663397,0.29389691785832983,2.7355447233172767,203.34667010841508,250.1577598988691,1441.6905007743933,7.66133195663397,13409.222250903458,0.5048578672140596,0.03286545480330419,0.5384399050311751,660.0130162755815,0.01079884392335494,183.5182898202374,0.024849342366769254,251.69919883963883,1425.4094950003746,1.1596258665092234,1708.3032146232179,0.04129370137519495,0.03158682216378525,5.932619964505989,6756.936076381379,0.9146419620044859,0.953099559191454,0.05801131524392068,0.9659111838238518,1365.1960149623421,0.02963523875329082,81.2413417556088,0.01769578343620318,259.8046050626739,1232.1956000871269,43.810063167066,85138.14724460902,0.3631775629412567,0.023603145964645692,2798.4489218035287,0.6095510611639139,0.8084965627285895,948.8210153134462,0.014237552075344056,7.002885336975406,0.5925400103252452,40.96190149004514,0.3696660120562744,0.0009306931879670632,14900.076488996283,0.6734822574949181,1.8584056161248723,LIDC-IDRI-0007_R_1,LIDC-IDRI-0007_R_1
3.1.0a2.post24+gdea5faf,1.23.5,2.5.0,1.8.0,3.11.9,"{'minimumROIDimensions': 2, 'minimumROISize': None, 'normalize': False, 'normalizeScale': 1, 'removeOutliers': None, 'resampledPixelSpacing': None, 'interpolator': 'sitkBSpline', 'preCrop': False, 'padDistance': 5, 'distances': [1], 'force2D': False, 'force2Ddimension': 0, 'resegmentRange': None, 'label': 1, 'additionalInfo': True}",{'Original': {}},630b42ba2fc10b6e597bd5e2ed7a53655351023c,3D,"(0.78125, 0.78125, 2.5)","(43, 43, 2)",-637.0183883180098,-926.0,1300.0,74aa872b6df3280300c10e2223a01513f5575176,"(0.78125, 0.78125, 2.5)","(43, 43, 2)","(14, 18, 0, 15, 7, 2)",89,1,"(23.202247191011235, 20.8876404494382, 0.5617977528089888)","(-104.02949438202248, 26.474719101123593, -169.31550683868065)",0.5581570683822745,0.47912717292447504,4.3834803500234525,9.148886971422975,12.02617587805866,6.344981407577173,11.048543456039805,12.051525123921039,121.11663818359375,5.106515930930234,0.7358213390550885,160.88452942939847,1.3283437506374876,135.80322265625,-768.4,-431.4,33302458.0,4.10719207329768,160.0,2.8751941085187966,-252.0,100.95240499936877,-599.0337078651686,-611.0,-832.0,580.0,72.96052370561397,611.7065647418823,0.3723974201703612,50815518.18847656,0.06425956318646635,15343.538189622523,151.34416483091937,12020.941331981412,-8.884742205545937,69.35303520385912,28.28705484055248,0.4250842288258587,4.294549291888481,3.157929101288136,9.13485104999504,0.2930937741490668,0.1960199730819789,0.9562907639488185,0.8580922273713742,-0.5433706076475808,0.992053669741341,0.20125604970658426,11.87435628592515,0.01929546465352962,5.862474956246312,0.9171494998283404,0.0407171193121929,23.748712571850298,4.23949876557809,24.410022511102895,4.931652779252207,31.292134831460675,0.3515970205782098,0.6865294786011867,5.719101123595506,24.24466607751546,136.03370786516854,4.123595505617978,700.1011235955057,0.08464595100051739,0.03391669967890128,0.5078027465667915,52.88670411985018,0.026543437716244983,5.550726574862352,0.06448758790942488,24.205890430576954,134.64467076166966,1.1079460581798284,153.66933932297349,0.03626064709335766,0.034546615565310516,4.204333438519452,80.77513375904633,0.9360750462905958,0.9671564390665514,0.03455081945265859,0.9740953852711199,130.13193107996105,0.03412291612692574,3.892857142857143,0.06951530612244898,22.857142857142854,113.10714285714286,3.4464285714285716,572.2321428571429,0.07784227773945067,0.04536141592695048,25.464285714285715,0.45471938775510207,0.6872519841269842,63.60181051587302,0.04070131754225559,4.6842504043865025,0.6292134831460674,0.9205994897959184,0.07336550732831512,0.08580450776802281,376.6350888813911,0.3107338807990498,12.005597552285963,LIDC-IDRI-0008_R_1,LIDC-IDRI-0008_R_1
